task,score,family,n,n_pos,AUROC,AUROC_lo,AUROC_hi,AP,TPR_at_5FPR
all anomalies vs all normals,AE cosine change (T),AE,671,340,0.8896481251110716,0.8619561401985851,0.9176714606928377,0.9143139440826767,0.6764705882352942
all anomalies vs all normals,AE cosine change (T+1),AE,671,340,0.8887062377821219,0.8669669079364324,0.9151083895352368,0.910947113953514,0.6676470588235294
all anomalies vs all normals,AE kNN on delta (T),AE,671,340,0.8899768971032522,0.8576733366406979,0.9175900298974475,0.9134566781963773,0.6823529411764706
all anomalies vs all normals,"AE kNN static, no time (T)",AE,671,340,0.9255020437177892,0.9000574914386864,0.9502680586330341,0.9339188916034515,0.6617647058823529
all anomalies vs all normals,NDVI drop (T),S2,671,340,0.8187755464723654,0.7844245099274945,0.8512063078703704,0.8576016676999616,0.48823529411764705
all anomalies vs all normals,NBR drop (T),S2,671,340,0.8154789408210414,0.7828970542962956,0.8472122455559209,0.8361537595701034,0.4235294117647059
all anomalies vs all normals,S2 band distance (T),S2,671,340,0.7857384041229785,0.7331411350923434,0.8309609568169122,0.820335479425832,0.4088235294117647
all anomalies vs all normals,S2 band distance (T+1),S2,671,340,0.7523280611338191,0.7068179509836704,0.8020793962317907,0.7737579933976285,0.2911764705882353
all anomalies vs all normals,S2 kNN on delta (T),S2,671,340,0.7825573129553937,0.7340379873499036,0.8313042103086261,0.8150554946073181,0.4235294117647059
deforest vs stable forest,AE cosine change (T),AE,316,150,0.9852208835341365,0.9691704993829767,0.9942355856332734,0.9812683807343822,0.94
deforest vs stable forest,AE cosine change (T+1),AE,316,150,0.9832128514056225,0.9689266594077866,0.9916289690785327,0.9796555238173286,0.8933333333333333
deforest vs stable forest,AE kNN on delta (T),AE,316,150,0.9863453815261044,0.9724781029002884,0.9955483118502767,0.9830062115550817,0.94
deforest vs stable forest,"AE kNN static, no time (T)",AE,316,150,0.9769879518072289,0.9576634609936853,0.9913471445128134,0.9695857774016362,0.9066666666666666
deforest vs stable forest,NDVI drop (T),S2,316,150,0.8762650602409638,0.8334468843002378,0.9176043630995865,0.9098892882380092,0.72
deforest vs stable forest,NBR drop (T),S2,316,150,0.9129718875502008,0.8738829733240044,0.9461127607780416,0.9318110110375357,0.76
deforest vs stable forest,S2 band distance (T),S2,316,150,0.9,0.8645024879870647,0.9282931679264256,0.9103750373701721,0.6733333333333333
deforest vs stable forest,S2 band distance (T+1),S2,316,150,0.9137349397590362,0.873741108488507,0.949635890284748,0.9128913926549354,0.74
deforest vs stable forest,S2 kNN on delta (T),S2,316,150,0.9285943775100401,0.8974305807673345,0.9531629635549872,0.9261387351192483,0.7266666666666667
deforest vs stable pasture,AE cosine change (T),AE,315,150,0.8538181818181818,0.7995106544662932,0.8966780234607357,0.8874927739830951,0.66
deforest vs stable pasture,AE cosine change (T+1),AE,315,150,0.8631111111111112,0.8233642523541839,0.9025032513465283,0.8898134616106642,0.6266666666666667
deforest vs stable pasture,AE kNN on delta (T),AE,315,150,0.8162424242424242,0.7607496594846711,0.8694119952784084,0.8632963687566443,0.64
deforest vs stable pasture,"AE kNN static, no time (T)",AE,315,150,0.816969696969697,0.751313630204696,0.8734335030761556,0.8154034711839965,0.38666666666666666
deforest vs stable pasture,NDVI drop (T),S2,315,150,0.7486868686868687,0.6902739273739437,0.8043718161788502,0.7178413708330004,0.24
deforest vs stable pasture,NBR drop (T),S2,315,150,0.7606868686868686,0.6985093126464061,0.8230535418937265,0.7284307422439364,0.22
deforest vs stable pasture,S2 band distance (T),S2,315,150,0.5808888888888889,0.5063337341225799,0.6496978672594128,0.6031069686404292,0.16
deforest vs stable pasture,S2 band distance (T+1),S2,315,150,0.5718787878787879,0.5046298830461132,0.6337386548947522,0.560539420841138,0.09333333333333334
deforest vs stable pasture,S2 kNN on delta (T),S2,315,150,0.5497777777777778,0.471686624438166,0.6201188847360739,0.5742630326628011,0.14
mining vs all normals,AE cosine change (T),AE,521,190,0.8659087295277469,0.8232221834285425,0.9071823078027343,0.8573012935055269,0.6736842105263158
mining vs all normals,AE cosine change (T+1),AE,521,190,0.861361106694228,0.8215718166124607,0.8996065855876539,0.8441944780672295,0.631578947368421
mining vs all normals,AE kNN on delta (T),AE,521,190,0.8808395611384958,0.8413631749182654,0.9177585298074644,0.8706865947595639,0.6947368421052632
mining vs all normals,"AE kNN static, no time (T)",AE,521,190,0.9478295436476387,0.9213587131044303,0.9699577790806525,0.9366694662083145,0.8105263157894737
mining vs all normals,NDVI drop (T),S2,521,190,0.8235967562410558,0.7756728877830099,0.8712697253669621,0.829987321239595,0.6210526315789474
mining vs all normals,NBR drop (T),S2,521,190,0.7984417236444585,0.7475801431683785,0.8419218493309203,0.765484935521419,0.46842105263157896
mining vs all normals,S2 band distance (T),S2,521,190,0.8211162346955001,0.771848727818257,0.8677648572428776,0.8048816467566661,0.5631578947368421
mining vs all normals,S2 band distance (T+1),S2,521,190,0.7594371124185085,0.713297109122677,0.8132373529526686,0.7234530389558553,0.4105263157894737
mining vs all normals,S2 kNN on delta (T),S2,521,190,0.8163460009540467,0.7674960709068415,0.866013289671892,0.8036224945333681,0.5947368421052631
